<?xml version="1.0" encoding="UTF-8"?><idempiere Name="2Pack_1.0.1" Version="1.0.1" idempiereVersion="" DataBaseVersion="" Description="" Author="" AuthorEmail="d-ruiz@bxservice.com" CreatedDate="2021-12-06 17:02:44.15" UpdatedDate="2021-12-06 17:02:44.15" PackOutVersion="100" UpdateDictionary="false" Client="0-SYSTEM-System" AD_Client_UU="11237b53-9592-4af1-b3c5-afd216514b5d">
    <AD_TableIndex type="table">
        <AD_Client_ID>0</AD_Client_ID>
        <AD_Org_ID>0</AD_Org_ID>
        <AD_Org_ID reference="id">0</AD_Org_ID>
        <AD_TableIndex_UU>e63747ed-92d9-4aa7-9a38-b7921923e1ee</AD_TableIndex_UU>
        <Description/>
        <EntityType>BAY</EntityType>
        <IsActive>Y</IsActive>
        <Name>Trl_PK</Name>
        <AD_Table_ID reference="uuid" reference-key="AD_Table">cd980232-4e25-4015-8335-a905025dabdb</AD_Table_ID>
        <Help/>
        <IsCreateConstraint>Y</IsCreateConstraint>
        <IsUnique>Y</IsUnique>
        <Processing>N</Processing>
        <AD_Message_ID reference="id"/>
        <TableIndexDrop>N</TableIndexDrop>
        <IsKey>Y</IsKey>
        <AD_IndexColumn type="table">
            <AD_Client_ID>0</AD_Client_ID>
            <AD_Org_ID>0</AD_Org_ID>
            <AD_Org_ID reference="id">0</AD_Org_ID>
            <AD_IndexColumn_UU>b89692d2-b019-486a-b7a1-691fecac8c8a</AD_IndexColumn_UU>
            <EntityType>BAY</EntityType>
            <IsActive>Y</IsActive>
            <AD_Column_ID reference="uuid" reference-key="AD_Column">da0f08bd-3bd3-4a8f-b320-cd533dcfc95e</AD_Column_ID>
            <AD_TableIndex_ID reference="uuid" reference-key="AD_TableIndex">e63747ed-92d9-4aa7-9a38-b7921923e1ee</AD_TableIndex_ID>
            <ColumnSQL/>
            <SeqNo>10</SeqNo>
        </AD_IndexColumn>
        <AD_IndexColumn type="table">
            <AD_Client_ID>0</AD_Client_ID>
            <AD_Org_ID>0</AD_Org_ID>
            <AD_Org_ID reference="id">0</AD_Org_ID>
            <AD_IndexColumn_UU>4df8efab-3783-42a1-a451-6606c7b66516</AD_IndexColumn_UU>
            <EntityType>BAY</EntityType>
            <IsActive>Y</IsActive>
            <AD_Column_ID reference="uuid" reference-key="AD_Column">c2492c9f-9a85-451c-b477-b0ef25aff2f1</AD_Column_ID>
            <AD_TableIndex_ID reference="uuid" reference-key="AD_TableIndex">e63747ed-92d9-4aa7-9a38-b7921923e1ee</AD_TableIndex_ID>
            <ColumnSQL/>
            <SeqNo>20</SeqNo>
        </AD_IndexColumn>
    </AD_TableIndex>
</idempiere>
